name,new_price,old_price,stars,observations
"For Living 30 Pint 2-Speed Dehumidifier, Bucket/Continuous Drain, ENERGY STAR® Certified, White",$219.99,$279.99,4.4,182
"For Living 6-ft Portable Plastic & Metal Folding Table with Handle, Grey",$59.99,$79.99,4.3,260
Tineco iCarpet Portable Lightweight Upright Carpet Vacuum Cleaner,$149.99,$499.99,4.3,61
"Sauder 3-Door Wardrobe/Armoire Clothes Storage Cabinet With Hanger Rod & Shelves, Cinnamon",$279.99,$359.99,4.0,32
"iRobot® Roomba® 691 Robot Vacuum – Self Charging, Wi-Fi Connected, Good for Pet Hair",$229.99,$499.99,4.2,222
Chamberlain® B2405C 1/2-HP Ultra Quiet Belt Drive Garage Door Opener with Wi-Fi,$319.99,$429.99,4.3,107
"type A Transparent Storage Box with Lid and Snap-In Wheels, 80-L",$12.49,$24.99,4.1,360
"Mastercraft Heavy Duty Stackable Storage Box with Lid, 70-L, Black/Blue",$13.99,$21.99,4.6,379
"For Living Wood Top Open Shelf Kitchen Storage Island With Folding Leaf, White",$299.99,$449.99,4.2,204
BISSELL® Pet Hair Eraser® Allergen Lift-Off® Pet Pro Upright Vacuum Cleaner w/HEPA Sealed System,$249.99,$499.99,4.4,427
Chamberlain® RJO20C Ultra-Quiet Wall-Mount (Space Saving) Garage Door Opener with Wi-Fi,$599.99,$679.99,4.6,48
"Sauder 2-Door 2-Drawer Wardrobe, Cinnamon",$249.99,$309.99,3.8,39
Bissell Adapt Ion Cordless Stick Vacuum Cleaner,$149.99,$299.99,4.3,436
"For Living 4-Door Open Shelf Freestanding Kitchen Pantry Storage Cabinet, White",$209.99,$309.99,3.9,198
"Lagostina 3-Ply Commercial Clad Stainless Steel Cookware Set & Oven Safe, 12-pc",$249.99,"$1,249.99",4.2,331
"NOMA 50 Pint LED Dehumidifier with Pump, Bucket/Continuous Drain, ENERGY STAR® Most Efficient, White",$299.99,$429.99,4.0,265
"US Stove Company Wood Stove with Legs, 1,200 sq. ft.",$899.99,"$1,199.99",5.0,2
"Honeywell HPA5150BC InSight True HEPA Air Purifier, Removes Allergens & Odours, Black, Medium-Large Room",$171.99,$214.99,4.7,190
"CANVAS Wittmore Console Storage Cabinet, White",$349.99,$499.99,3.8,11
"Nespresso Vertuo Coffee & Espresso Machine by Breville, Chrome",$149.99,$279.99,4.7,2182
"CANVAS Hanover Media Electric Fireplace TV Stand, 58-in, 1400W, Includes Remote Control, Brown",$549.99,$999.99,4.4,66
Harmony High Back Booster Car Seat with Latch,$69.99,$119.99,4.5,103
"Anchor Hocking Glass Food Storage Set, Assorted Sizes, 24-pc",$22.99,$49.99,4.3,492
Cuisinart Air Purifier 1000 with Bonus Filter,$349.99,$599.99,4.6,29
"Mastercraft Heavy Duty Stackable Storage Box with Lid, 102-L, Black/Blue",$14.99,$26.99,4.6,712
Cuisinart Air Purifier 1000 with Bonus Filter,$349.99,$599.99,4.6,29
"Nespresso Pixie Espresso Machine by Breville, Titan",$139.99,$229.99,4.7,714
"Sauder County Line 5-Tier Adjustable Shelf Bookcase/Bookshelf, Salt Oak Finish",$189.99,$229.99,4.5,121
"For Living Wood Top Kitchen Utility Storage Cart/Island With Locking Wheels, White",$209.99,$309.99,4.4,176
Hoover® Power Scrub Deluxe Pet Carpet & Upholstery Deep Cleaner,$169.99,$399.99,4.2,1025
"Panasonic NN-SD68LS Countertop Microwave Genius Sensor Cooking, 1.3-cu.ft., Stainless Steel",$209.99,$259.99,4.2,160
"Panasonic NN-SG458S Countertop Microwave, 0.9-cu.ft., Black & Stainless Steel",$139.99,$169.99,4.1,210
Cuisinart Air Purifier 500 with Bonus Filter,$199.99,$399.99,4.6,30
type A Perspective Heavy-Duty Portable Freestanding Clothing Rack with 2 Closet Rods,$69.99,$119.99,4.5,208
"Cast Iron Wood Stove, EPA 2020 Certified, Small, 900-sq. ft",$599.99,$699.99,3.4,14
"PADERNO Canadian Classic Stainless Steel Cookware Set, Dishwasher & Oven Safe, 11-pc",$199.99,$679.99,4.1,104
"Honeywell HPA064C True HEPA Filter Air Purifier, Removes Allergens & Odours, White, Small Room",$99.99,$124.99,4.3,101
"Graco Pack ‘n Play Travel Dome LX Playard, Ashland",$249.99,$349.99,4.6,242
"CANVAS Barrington Counter Stool, Cognac",$109.99,$139.99,4.4,22
Aranet4 Wireless Indoor Air Quality Home Sensor,$279.99,$319.99,5.0,6
"Ninja® Air Fryer, Black, 3.8L",$99.99,$159.99,4.6,963
"MASTER Chef Energy Star Compact Refrigerator with Internal Freezer & Reversible Door for Dorms/Bedroom, 4.4-cu.ft., Stainless Steel",$279.99,$329.99,3.7,41
"Skyworth 4K UHD Android Smart TV with Google Assistant, 50-in",$379.99,$339.99,3.1,15
BISSELL CleanView Plus 15X Multi-Cyclonic Lightweight Bagless Canister Vacuum Cleaner,$169.99,$999.99,3.9,395
Miele Complete C3 Excellence Multi-Floor Canister Vacuum Cleaner,$699.99,"$1,599.99",4.6,113
"US Stove Company Wood Stove with Cast Iron Legs, 2,500 sq. ft.","$1,299.99",$279.99,4.7,3
"Nespresso Vertuo Coffee & Espresso Machine by Breville, Matte Black",$149.99,$119.99,4.7,2163
"CANVAS Fraser 6-Cube Storage Organizer, Bookcase/Bookshelf, Light Oak Finish",$99.99,,4.8,76
"Nespresso Vertuo Coffee & Espresso Machine by DeLonghi w/ Aeroccino Milk Frother, Black",$219.99,$349.99,,
"type A Stackable Storage Box with Lid, 63-L, Blue",$7.99,$14.99,,
"Henckels Damascus Knife Block Set, Black Block, 14-pc",$399.99,"$1,299.99",,
"For Living Hamilton Electric Fireplace TV Stand, 44.5-in, 1500W, Brown Cappucino",$299.99,$569.99,,
"CANVAS Robson 2-Door Open Shelf TV Stand & Media Storage Console Cabinet , Oak Finish",$239.99,$354.99,,
"Lagostina Ticino Stainless Steel Cookware Set & Oven Safe, 10-pc",$149.99,$599.99,,
"CANVAS Invermere 6-Cube Storage Organizer, Bookcase/Bookshelf, White",$99.99,$119.99,,
"CANVAS Parsons Wood & PU Leather Bar Stool With Backrest, Dark Brown",$99.99,$199.99,,
"Certified Adjustable 4-Shelf Resin/ Plastic Storage Rack/ Shelving Unit, 36 x 14 x 54.5-in",$39.99,$59.99,,
"Kidde Pro Series 3A40BC Home/Office Rechargeable Fire Extinguisher With Wall Mounting Brackets, 5.5-lb, Red",$71.99,$79.99,,
"Ninja® Mega Kitchen System/Food Processor BPA-Free, Black, 8 Cups",$199.99,$299.99,,
"For Living 9-Cube Storage Organizer, Bookcase/Bookshelf, Black Oak Finish",$59.99,$99.99,,
"CANVAS Maywood Speckled Two-Toned Dinnerware Set, 12-pc",$49.99,$99.99,,
"CANVAS Oakridge Media Fireplace, 68-in",$549.99,$999.99,,
Regalo Wall-Safe Extra Wide Safety Gate,$49.99,$79.99,,
Bissell Little Green ProHeat® Pet Portable Carpet & Upholstery Deep Cleaner,$99.99,$169.99,,
"Ninja Smart Finish Dual Zone Air Fryer Mini, 6-qt",$169.99,$189.99,,
"US Stove Company Pedestal Wood Stove, 2,000 sq. ft.",$999.99,"$1,399.99",,
"PADERNO Canadian Professional Clad Cookware Set, Dishwasher & Oven Safe, 12-pc",$399.99,"$1,349.99",,
type A Radiant Commercial Adjustable Freestanding Clothing Rack,$69.99,$139.99,,
"type A Gullwing Drying Rack, 53.1-in x 19.75-in x 35.5-in",$34.99,$49.99,,
"Lagostina Cast Iron Preseasoned Frying Pan, Oven & Broiler Safe, Black, 26-cm",$19.99,$99.99,,
"NOMA Oscillating Tower Ceramic Heater w/Remote Control & Thermostat, 1500W, Black, 24-in",$89.99,$114.99,,
"PADERNO Canadian Signature Stainless Steel Cookware Set, Dishwasher & Oven Safe, 13-pc",$299.99,$999.99,,
"type A Stackable Storage Box with Lid and Wheels, 80-L, Grey",$11.49,$19.99,4.0,212
"type A Momentum Steel 3-Tier Utility Cart with 4 Wheels, White",$39.99,$49.99,4.2,120
"type A Clarity Transparent Stackable Under the Bed Storage Box with Lid and Wheels, 64-L",$27.99,$39.99,3.5,99
Evenflo GoTime Sport Highback Car Seat,$59.99,$84.99,4.3,222
"CANVAS Robson 4-Tier Metal Frame Narrow Bookcase With Storage Door, Oak Finish",$209.99,$319.99,4.8,38
Mastercraft P-Handle Hand Truck,$59.99,$89.99,4.1,231
"Mastercraft Heavy Duty Stackable Storage Box with Hinged Lid, 170-L, Black/Blue",$24.99,$39.99,3.6,93
"GermGuardian AC4825DLX 4-in-1 HEPA Filter & UVC Tower Air Purifier, Removes Allergens & Odours, Black, Small-Medium Room",$135.99,$169.99,4.5,41
"type A Transparent Stackable Storage Box with Lid, 39-L",$9.99,$14.99,3.9,65
"Cuisinart® Brew Central Programmable Coffee Maker w/ Glass Carafe, Stainless Steel, 12 Cups",$109.99,$139.99,4.2,412
"CANVAS Lotus Media Electric Fireplace TV Stand, 67-in, 1500W, Includes Remote Control, Brown",$399.99,$799.99,3.9,115
type A Collapsible Laundry Basket 24 L x 17.4 W x 3.2 to 10.5-in H,$14.99,$18.99,4.6,179
"CANVAS Barrington Counter Stool, Black",$109.99,$139.99,4.2,24
"T-fal Stainless Steel Cookware Set, Non-Stick, Dishwasher & Oven Safe, 10-pc",$99.99,$499.99,3.6,138
"CANVAS Robson 5-Tier Metal Frame Bookcase With Storage, Oak Finish",$219.99,$334.99,4.6,28
"Kidde Talking Smoke and Carbon Monoxide (CO) Alarm With Hush Button, Batteries Included",$41.24,$54.99,4.4,183
Storkcraft Modern Pacific 4-in-1 Convertible Baby Crib,$199.99,$229.99,4.9,11
"Mastercraft Heavy Duty Stackable Storage Box with Lid, 45-L, Black/Blue",$9.99,$15.99,4.8,153
"Hamilton Beach Digital Food Dehydrator w/ Adjustable Thermostat, Grey",$79.99,$119.99,4.3,157
"Panasonic Microwave Oven, Stainless Steel, 1.6-cu-ft",$299.99,$369.99,4.3,42
"FRANK All-Purpose Machine Washable Microfibre Cloths, Assorted Colours, 20-pk",$13.79,$22.99,4.8,378
"For Living 9-Cube Storage Organizer, Bookcase/Bookshelf, White",$59.99,$99.99,3.7,147
"Olympia Folding Pack & Roll Cart, 55-lb",$49.99,$62.99,4.3,130
"Napoleon Wall Mount Electric Fireplace With Bluetooth, 50-in, 1500W, Includes Remote Control, Black",$499.99,$599.99,3.7,19
"Ninja® DualBrew Pro Grounds & Pods Programmable Coffee System w/ Glass Carafe, Black, 12 Cups",$199.99,$279.99,4.3,520
"CANVAS Olsen Wood Top Sliding Door Kitchen Storage Island with Folding Leaf, Grey",$449.99,$549.99,4.2,132
"Certified Standard Duty Poly Tarp, Waterproof, 30-ft x 40-ft",$99.19,$123.99,3.8,26
"Henckels Stainless Steel Modernist Knife Block Set, Ergonomic Grip, 14-pc",$199.99,$599.99,4.1,64
Dynaglo LED Display Garage Heater,$259.99,$324.99,3.6,28
Shark IZ562HC AI Pet Plus Multi-Surface Cordless Stick Vacuum,$399.99,$499.99,4.5,94
Mr Heater 9000 BTU Buddy Portable Heater,$99.99,$149.99,4.5,190
CANVAS Overbrook 3-Tier Shoe Storage Cabinet,$179.99,$259.99,3.8,16
"Purina AlPo Cookout Classics Pork, Beef, Chicken and Veggie Adult Dry Dog Food, 16-kg",$31.59,$37.99,4.6,649
"Breville Bambino™ Espresso Machine, Brushed Stainless Steel",$359.99,$449.99,4.2,86
"Graco SnugRide 35 Lite LX Infant Car Seat, Gotham",$199.99,$239.99,4.4,132
"Ninja® Foodi™ Power Blender & Processor System w/ Smoothie Bowl Maker & Nutrient Extractor, Silver, 1400W",$159.99,$259.99,4.5,269
"Ninja™ Foodi™ NeverStick™ Premium Cookware Set, PFOA Free, Black, 10-pc",$299.99,$999.99,4.3,603
"Honeywell HPA164C True HEPA Tower Air Purifier, Removes Allergens & Odours, White, Medium-Large Room",$191.99,$239.99,4.5,68
"PADERNO Canadian Signature Stainless Steel Frying Pan, Non-Stick, Oven Safe, 28cm",$79.99,$269.99,4.5,179
"type A Momentum Steel 3-Tier Utility Cart with 4 Wheels, Eucalyptus",$39.99,$49.99,4.2,148
"SnapLock Plastic Food Storage Container Set with Airtight Seal, 40-pc",$34.99,$69.99,4.3,163
"Heritage The Rock Diamond Cookware Set, Non-Stick, Scratch Resistant, 10-pc",$199.99,$699.99,3.6,204
"Lagostina Pre-Seasoned Cast Iron Reversible Grill, Oven & BBQ Safe, Black, 50.8-cm x 26.6-cm",$39.99,$169.99,4.0,183
"Mastercraft Heavy Duty Stackable Storage Box with Hinged Lid, 132-L, Black/Blue",$19.99,$29.99,3.3,134
CANVAS Nelson Extending Console Desk,$199.99,$239.99,3.7,20
type A Momentum Steel 3-Tier Utility Cart with 4 Wheels Black,$39.99,$49.99,4.5,89
"PADERNO Countertop Microwave with Even-Heat Inverter Technology, 1.3 cu.ft, Black Stainless Steel",$239.99,$289.99,4.2,140
NOMA Digital LED Oil Filled Radiator with Adjustable Thermostat,$103.99,$129.99,4.3,52
"CANVAS Marseille Mantle Fireplace, 54-in, 1500W, Includes Remote Control, White",$599.99,$999.99,4.3,141
"CANVAS Copper-Plated Stainless Steel Moscow Mule Mug Set, 443mL, 2-pc",$13.99,$39.99,4.3,98
"For Living Shinto Solid Wood 26"" Counter Stool Armless Backless, Dark Espresso",$59.99,$119.99,3.7,110
"Timber Ridge Non-Catalytic Free-standing Wood Stove, EPA 2020 Certified, 2400-sq. ft","$1,349.99","$1,749.99",4.2,11
NOMA 3-Setting Mechanical Oil Filled Radiator with Adjustable Thermostat,$89.99,$114.99,3.4,48
"Vida by PADERNO Bottom Load Water Cooler/Dispenser, 3 Temperatures, White/Gold",$329.99,$379.99,3.5,26
"Breville Duo-Temp™ Pro Manual Espresso Machine, Brushed Stainless Steel",$499.99,$679.99,4.3,253
"Swan Nordic Cordless Electric Kettle w/ Auto Shut Off, Stainless Steel, 1.7L",$69.99,$99.99,4.1,107
"Breville Juice Fountain™ Plus Centrifugal Juicer, Silver",$179.99,$249.99,4.2,269
"Ninja® Foodi™ 5-in-1 Non-Stick Indoor Grill w/ Air Fryer, Stainless Steel, Black",$229.99,$329.99,4.7,1660
"Singer 4432 Heavy Duty Sewing Machine with 32 Stitches and Auto Buttonhole, Accessories & Dust Cover Included",$279.99,$319.99,4.3,182
"MASTER Chef Preseasoned Cast Iron Frying Pan, Oven Safe, Black, 30.4cm",$29.99,$119.99,4.6,293
"For Living Comfort Floor Mat, 4-pk, Grey Basketweave, 24-in x 24-in",$14.99,$19.99,4.2,124
"Heritage The Rock Non-Stick Panini Grill Press/Sandwich Maker, Stainless Steel",$64.99,$124.99,4.6,541
Kidde Plug-In Multi-Gas Detector With Battery Backup,$56.99,$75.99,3.5,130
"Lagostina Padova Stainless Steel Cookware Set & Oven Safe, 11-pc",$249.99,$899.99,4.5,425
"For Living 6-Cube Storage Organizer, Bookcase/Bookshelf, Dark Brown Finish",$49.99,$79.99,4.0,154
"Anchor Hocking Glass Measuring Cup Set, Assorted Sizes, 3-pc",$14.99,$29.99,4.5,486
Kidde Worry-Free Plug-In Digital Carbon Monoxide (CO) Alarm With 10-Year Sealed Battery,$51.88,$57.99,4.5,93
"MASTER Chef Portable Induction Cooktop w/ LED Display, Black, 1800W",$69.99,$99.99,4.1,293
BISSELL AeroSwift Compact Lightweight Bagless Canister Vacuum Cleaner,$79.99,$159.99,4.3,1234
"Breville Smart Oven™ Pro with Element IQ®, Brushed Stainless Steel",$319.99,$399.99,4.3,1082
"NOMA Wood Cabinet Infared Space Heater w/Remote Control & Thermostat, 1500W",$119.99,$149.99,3.8,238
"MASTER Chef Countertop Microwave, 0.9-cu.ft., Black & Stainless Steel",$119.99,$149.99,4.0,62
"MASTER Chef Countertop Microwave, 1.1-cu.ft., Matte Black",$149.99,$189.99,3.8,74
type A Prima Metal Freestanding Closet Organizer with 5 Wire Shelves & Rods,$69.99,$99.99,4.2,113
"Black & Decker 10-Speed Blender, Black, 550W",$29.99,$84.99,2.8,359
"MASTER Chef Bakeware Set, 7-pc",$49.99,$129.99,4.6,81
"Energizer Ultimate Lithium 8-pk AA Batteries, Long Lasting, All Purpose",$28.79,$31.99,4.8,1243
"Evenflo Reversi Reversible Stroller, Black",$169.99,$199.99,4.4,125
"Imusa Stovetop Pressure Cooker, Aluminum, 7-qt",$69.99,$179.99,3.9,16
"Hunter Simple Modern Reversible 4-Blade 3-Speed Ceiling Fan with Lighting & Remote, 52-in, Light Grey Oak/Grey Walnut",$209.99,$259.99,3.8,29
"X Rocker Strike RGB Ergonomic Adjustable Swivel PC Gaming/Office Chair w/ LED Light, Black",$249.99,$339.99,3.9,34
SodaStream Terra™ Sparkling Water Maker,$109.99,$129.99,4.7,903
Vida by PADERNO Immersion Hand Blender,$39.99,$69.99,4.0,32
"Honeywell HFD322C AirGenius5 Permanent Filter Air Purifier, Removes Allergens & Odours, White, Large Room",$247.99,$309.99,4.0,125
"Odour Beater Cat Litter, Unscented with Carbon, 18-kg",$16.09,$18.99,4.2,246
"Kidde 120V Photoelectric Smoke Alarm, Batteries Included",$22.49,$29.99,4.1,142
"Lagostina 18/10 Stainless Steel Roaster w/ Removable Rack, 43 x 33cm",$99.99,$349.99,4.3,145
"FRANK Extra-Small Organic Compostable Food Waste Bags, 100-pk, Clear, 10-L",$10.99,$13.99,4.6,287
"Hamilton Beach Programmable Defrost Slow Cooker, Black, 6-qt",$69.99,$119.99,4.7,58
"CANVAS Union Metal & Wood Bar Stool (2-Piece Set), Brown",$139.99,$229.99,4.3,60
"type A Stainless Steel Gullwing Drying Rack, 61.5 x 20 x 38.5-in",$48.99,$69.99,4.3,211
"Mastercraft Heavy Duty Storage Box with Wheels and Latched Lid, 210-L, Black/Blue",$37.99,$54.99,4.2,124
"type A Wide Stainless Steel Rectangular Step Garbage Can with a Slow Close Lid, 45-L",$104.99,$139.99,4.5,36
type A Double Pull-Out Storage Bin,$74.99,$99.99,4.3,39
"CANVAS Cornwall Dining Chair, Ivory",$84.99,$184.99,3.5,11
Bissell Power Lifter Swivel Pet Lighweight Bagless Upright Vacuum Cleaner,$129.99,$259.99,4.1,898
"X Rocker Nemesis 2.1 Ergonomic Swivel Gaming Chair With Bluetooth Vibrating Speaker, Black",$209.99,$349.99,3.8,57
"CANVAS Invermere 4-Cube Storage Organizer, Bookcase/Bookshelf, White",$69.99,$99.99,4.5,24
"For Living 6-Cube Storage Organizer, Bookcase/Bookshelf, White",$49.99,$79.99,3.4,158
"CANVAS Bonded Leather Upholstered Dining Chair With Solid Wood Legs, Dark Brown",$79.99,$149.99,3.8,127
type A Engrained Steel 3-Tier Utility Cart with 4 Wheels White,$63.99,$79.99,4.3,57
"Honeywell HPA080BC InSight™ Series True HEPA Air Purifier for Medium Room, Reduces Allergens & Odours",$123.99,$154.99,4.2,35
"Graco TurboBooster Backless Booster Seat, Ages 4-10, Rio",$52.99,$62.99,4.6,81
"Black & Decker Non-Stick Rice Cooker & Steamer White, 6 Cups",$19.99,$29.99,4.0,260
"PADERNO Richmond Polished Stainless Steel Flatware Set, Serves 4, 20-pc",$49.99,$129.99,4.7,85
"Heritage The Rock Non-Stick Electric Multi-Use Pot/Wok, Black, 4.8qt",$54.99,$104.99,4.7,759
"CANVAS Holliston Accent Chair, Beige",$299.99,$399.99,3.9,14
"Honeywell HPA180BC InSight™ Series True HEPA Air Purifier for Large Room, Reduces Allergens & Odours",$211.99,$264.99,4.4,21
"Certified Premium Heavy Duty Poly Tarp, Waterproof, 15-ft x 20-ft",$58.99,$78.99,4.2,76
"type A Heavy Duty Gullwing Folding Drying Rack, 62.5 x 23.3 x 44-in",$69.99,$99.99,4.5,64
"Henckels Stainless Steel Steak Knife Set, Dishwasher Safe, 4-pc",$19.99,$39.99,4.6,84
"type A 3-Tier Vertical Collapsible Drying Rack, 23.5 x 20.5 x 58-in",$29.99,$42.99,4.0,159
"NOMA LED 180 Degree Outdoor Solar Motion Sensor Light, Weather-Resistant, Black",$52.49,$104.99,3.1,422
"Ninja™ Foodi™ NeverStick™ Premium Frying Pan, PFOA & PFAS-Free, Oven Safe, Black",$39.99,$139.99,4.6,574
"Charmin Ultra-Soft Quadruple Roll Toilet Paper, 2-Ply Tissue, 18-pk",$17.99,$27.99,4.4,66
"AIR CARE MA0800CN Digital Whole House Portable Console Style Evaporative Air Humidifier, White, 9.46-L",$142.99,$179.99,4.0,150
"For Living Verona Basket Front 4-Drawer Storage Chest/Dresser, Espresso Finish",$199.99,$329.99,4.1,43
Heritage The Rock Diamond Frying Pan,$29.99,$99.99,4.2,501
"Kidde PRO 4A60BC Consumer Rechargeable Fire ExtinguisherWith Wall Mounting Brackets, 10-lb, Red",$79.99,$99.99,4.8,6
"T-fal Hard Titanium Cookware Set, Non-stick, Dishwasher & Oven Safe, Black, 10-pc",$99.99,$499.99,4.3,117
"Lagostina Cast Iron Preseasoned Frying Pan, Oven & Broiler Safe, Black, 30-cm",$34.99,$119.99,4.2,202
"MAXIMUM VJH1211PF 6.0 Peak HP Portable Wet/Dry Shop Vacuum with Hose and Accessories, 45-L",$169.99,$249.99,3.7,86
"Clek Ozzi Booster Seat, Carbon Black",$79.99,$99.99,4.6,64
Heritage The Rock White Ceramic Zero Cookware Set with Matching Frypan 10-pc,$199.99,$179.99,4.2,86
"NOMA Scandinavian 4-Blade 3-Speed Ceiling Fan with Lighting & Remote, 42-in, White",$129.99,$129.99,3.1,78
"Skyworth 40-in 40E10 LED Android 11 Smart TV w/ Wi-Fi, Google Assistant, Full HD & HDMI Input",$249.99,$119.99,3.8,68
"Cuisinart® Programmable Cordless Electric Kettle w/ Auto Shut Off & Backlit, Stainless Steel, 1.7L",$109.99,$59.99,4.6,1183
"MASTER Chef Stamp Stainless Steel Knife Block Set, Ergonomic Grip, 14-pc",$69.99,$699.99,3.5,70
"Black & Decker Non-Stick Rice Cooker & Steamer White, 16 Cups",$29.99,$44.99,4.3,227
"Lagostina Prima Stainless Steel Cookware Set & Oven Safe, 11-pc",$199.99,$79.99,3.8,82
"Multy Home 100% Recycled Rubber Utility Floor Mat, 6-pk, Black, 18-in x 18-in",$35.99,$89.99,4.3,23
type A Expandable Indoor/Outdoor Dryer,$55.99,$69.99,4.3,36
"Cuisinart® Supreme Grind Automatic Burr Mill, Stainless Steel, 32 Cups",$69.99,$19.99,3.6,292
"Funplay Foldable Double-Sided Play Mat for Kids, 59-in x 71-in",$54.99,$199.99,4.2,39
"Energizer Max 20-pk AA Alkaline Batteries, Long Lasting, All Purpose",$14.99,$84.99,4.8,2165
"Black & Decker 6-Slice Digital Countertop Convection Toaster Oven, Silver",$119.99,$35.99,4.1,29
"Salton Cordless Temperature Control Electric Kettle w/ Tea Infuser/Steeper & Auto Shut Off, Glass, 1.7L",$59.99,$399.99,4.3,152
Kidde Tamper-Resistant Smoke Alarm With 10-Year Sealed Battery,$26.99,$124.99,4.1,59
"iRobot® Roomba® i1 Robot Vacuum – Ideal for Pet Hair, Wi-Fi Connected, Self Charging",$299.99,$174.99,4.0,15
"PADERNO Digital Programmable Slow Cooker, Black Stainless Steel, 6qt",$74.99,$149.99,4.4,38
"MASTER Chef AirFryer Toaster Oven w/ 5 Functions, Black",$99.99,$299.99,4.3,178
"MASTER Chef Digital Convection Toaster Oven w/ 10 Functions, Stainless Steel, 6-Slices",$99.99,$27.99,4.4,109
"PADERNO Argentia Professional Series 60-pc Stainless Steel Flatware Set, Serves 12",$99.99,,3.0,30
"Charmin Ultra-Strong Quadruple Roll Toilet Paper, 2-Ply Tissue, 18-pk",$17.99,,4.6,106
"CANVAS Minto Dining Chair, Black",$69.99,$172.99,4.0,2
"For Living Chrome & PU Tufted Leather Counter/Bar Stool Adjustable Height, Black",$82.99,$204.99,4.0,93
CANVAS Vernon Kitchen Island With Butcher Block Top,$349.99,$499.99,5.0,4
"For Living Chrome & PU Leather Counter/Bar Stool Adjustable Height, Black",$89.99,$149.99,3.9,60
"type A Wide Stainless Steel Step Trash/Garbage Bin, 45-L",$104.99,$139.99,4.0,5
"MASTER Chef Polyethylene Cutting Boards, Dishwasher Safe, Non-Slip, 2-pk",$14.99,$29.99,4.4,155
La Crosse Weather Station Thermometer with Colour Display,$29.99,$64.99,3.7,208
Tineco T2 EX Cordless Stick Vacuum incl 2 Batteries For Total Run Time of 50 Minutes,$249.99,$399.99,4.5,55
"Imusa Stovetop Pressure Cooker, Aluminum, 4.2-qt",$49.99,$129.99,4.2,19
"PADERNO Maple Butcher Block Cutting Board, Skid-Resistant, 16-in x 20-in",$99.99,$179.99,3.7,68
"CANVAS Quatro 34pc Porcelain Dinnerware Set, Serves 8, White",$149.99,$259.99,3.4,74
CANVAS Duncan Desk,$214.99,$269.99,3.9,29
"Wilton Gourmet Choice Non-Stick Large Baking Sheet, 17.25 x 11.5 x 1-in",$11.99,$18.99,4.4,245
"MASTER Chef Stainless Steel Knife Block and Cutlery Set, Ergonomic Grip, 22-pc",$39.99,$69.99,3.1,96
"For Living Kids 12-Bin Bedroom/Playroom Toy Storage Organizer, Yellow",$79.99,$159.99,4.5,162
"For Living 12-Bin Toy & Storage Organizer For Bedroom/Playroom/Mudroom, Espresso",$79.99,$159.99,4.2,74
"Certified Specialty White Poly Tarp, Waterproof, 20-ft x 28-ft",$57.59,$71.99,3.5,60
Hamilton Beach 2-Slice Toaster with Sure-Toast™,$27.99,$49.99,4.2,58
"type A Perspective Freestanding Coat Rack with 8 Hooks, Black",$23.99,$39.99,3.8,60
"Garrison Plug-in Carbon Monoxide (CO) Alarm, Batteries Included",$32.39,$35.99,3.8,174
"CANVAS Hexagon Metal Frame Sofa End/Side Accent Table For Living/Bedroom, Sonoma Oak Finish",$39.99,$69.99,4.2,100
"Heritage The Rock Non-Stick Electric Skillet, Black, 12x12-in",$54.99,$99.99,4.4,415
"MASTER Chef Countertop Microwave, 1.1-cu.ft., Matte White",$149.99,$189.99,3.9,66
NutriBullet® Rice & Grain Cooker,$59.99,$109.99,4.5,26
"Black & Decker Cordless Electric Kettle w/ Auto Shut Off, Stainless Steel, 1.7L",$29.99,$54.99,,
"MASTER Chef Digital Programmable Slow Cooker, Stainless Steel, 6qt",$49.99,$79.99,,
"Braun Burr Coffee Grinder/Spice Grinder w/ 15 Setting Options, Stainless Steel, 12 Cups",$89.99,$99.99,,
"CANVAS Fraser 4-Cube Storage Organizer, Bookcase/Bookshelf, Light Oak Finish",$69.99,$99.99,,
"PADERNO Copper Core Base, Stainless Steel Cookware Set, Oven Safe, 12-pc",$299.99,$999.99,,
"type A Prima Light-Duty 4-Tier Connecting Shelving Storage Unit, Holds up to 220-lb",$34.99,$49.99,,
"For Living Concord Indoor/Outdoor Mat, Assorted Colours, 4-ft x 6-ft",$24.99,$29.99,,
"Hamilton Beach 1000W Handheld Clothes Steamer, 15 Minutes of Continuous Steam, 30 Second Heat Up",$44.99,$84.99,,
"FRANK Extra-Large Twist-Tie Contractor Garbage Bags, 40-pk, Black, 135-L",$23.99,$29.99,,
"Hamilton Beach Easy-Reach Convection Toaster Oven w/ 3 Functions, Stainless Steel, 6-Slices",$69.99,$139.99,,
"Energizer Max Alkaline AAA Batteries, 24-pk",$22.89,$26.99,,
Rubbermaid Reveal Spray Mop with Reusable Microfibre Mop Pad,$23.99,$29.99,,
Vida by PADERNO 31-Bottle Wine Fridge,$339.99,$389.99,,
"Breville Panini Non-Stick Indoor Grill & Sandwich Press, Brushed Stainless Steel",$119.99,$169.99,,
"MASTER Chef Rectangular Enamel Double Roaster, 41 x 30cm",$59.99,$199.99,,
"Canvas Creston Single Door Single Sink Vitreous China Top Bathroom Vanity, White, 20-in",$223.99,$279.99,,
"Certified Standard Duty Large Poly Tarp, 30-ft x 60-ft",$149.99,$177.99,,
"MASTER Chef Baking Sheet, 17-in",$8.99,$17.99,,
"Clek Fllo Convertible Car Seat, Carbon Black",$449.99,$499.99,,
"Honeywell HEV620BC Top-Fill Cool Mist Moisture Tower Air Humidifier with Programmable Humidistat, Black, 4.73-L",$127.99,$159.99,,
"type A Front Loading Quad Laundry Sorter, 37.3 x 15 x 33.5-in",$49.99,$62.99,,
CANVAS Invermere Desk,$149.99,$199.99,,
"Glasslock Glass Food Storage Container Set Leakproof, 8-pc",$24.99,$36.99,,
"type A Hip Hugging Laundry Basket, Standard, White",$11.99,$14.99,,
"type A Stackable Ease 3-Tier Shoe Rack, Holds up to 12 Pairs of Shoes, Grey",$39.99,$49.99,,
"PADERNO Ceramic Roaster Set, Grey, 15 x 8.5-in, 2-pk",$34.99,$69.99,,
"Grease Monkey Standard-Duty Nitrile Disposable Gloves puncture resistant, 8-mil, 50-pk, Assorted Sizes, 5555PF",$24.99,$29.99,,
Braun 14-Cup Coffee Maker,$89.99,$99.99,,
"MASTER Chef Multi-Purpose Commercial Roaster with Rack, Dishwasher Safe, 9-12 lb, 25.4 x 38cm",$14.99,$49.99,,
"NutriBullet® Magic Bullet Blender/Nutrition Extractor w/ 2 Cups, Grey, 532 to 710mL",$84.99,$99.99,,
"Petco Anti-Slip Round Plush Dog Bed, Washable, 43-in x 37-in, Grey",$65.99,$109.99,,
Breville Café™ Roma Espresso Machine with Stainless Steel Finish,$199.99,$279.99,,
"FRANK All-Purpose Machine Washable Synthetic Giant Shammy Towel, Orange, 3-pk",$5.99,$9.99,,
"Garrison Hush Smoke Alarms, 2 Batteries Included, 2-pk",$19.99,$25.99,,
"Honeywell HEV355C QuietCare Cool Moisture Air Humidifier, Easy Clean & Fill Tank, White/Blue, 3.78-L",$79.99,$99.99,,
"Maison Kleen Soft-Sided Folding Shopping Cart, Large",$30.39,$37.99,,
"type A Radiant 3-Tier Utility Cart with Wheels, Grey",$39.99,$49.99,,
"Honeywell HWM845WC Soothing ComFort Warm Mist Air Humidifier with Cup, White/Grey, 1G",$51.99,$64.99,,
"Glasslock Glass Food Storage Container Set Leakproof, 6-pc",$19.99,$28.99,,
NOMA SurfaceElite™ Multi-Surface Bagged Canister Vacuum,$199.99,$399.99,,
"Nespresso Starbucks Espresso Roast Coffee Capsules, 57-g, 10-pk",$8.79,$9.79,,
"MotoMaster 20,000-lb Tow Strap, 4-in x 30-ft",$49.99,$67.99,,
MotoMaster Rechargeable 16 LED Worklight,$14.99,$45.99,,
Mastercraft Multi-Surface Assembled Push Broom,$38.39,$49.99,,
"Multy Home Indoor/Outdoor 100% Recycled Rubber Multy Tile, 10-pk, Black, 12-in x 12-in",$29.99,$37.99,,
"Mastercraft Deluxe Milkhouse Utility Space Heater w/Thermostat, 1500W, Blue",$39.99,$49.99,,
"Mastercraft Barrel Ceramic Space Heater w/Thermostat, 1500W, Blue",$47.99,$59.99,,
"Certified 6-Outlet Surge Protector Power Bar, 3-ft cord, 350 Joules, White",$9.99,$19.99,,
"Petco Pillowtop Lounger Orthopedic Plush Dog Bed, Washable, 40-in x 30-in, Grey",$170.99,$189.99,,
"Energizer Max Alkaline AA Batteries, 36-pk",$22.89,$26.99,,
"Bounty Triple Roll Paper Towel, 2-ply, 6-pk",$17.99,$27.99,,
"For Living Anti-Fatigue Interlocking Mats, 4-pk, Tan Basketweave, 24-in x 24-in",$14.99,$19.99,,
"Vida by PADERNO Microwave Oven, White/Gold, 0.9-cu-ft",$139.99,$169.99,,
"NOMA Oscillating Parabolic Dish Portable Radiant Electric Space Heater, 1000W, Black",$67.99,$84.99,,
"For Living Storage Cube Ottoman/Footrest/Seat With Built-In Tray Table, Espresso Brown",$69.99,$119.99,,
"type A Perspective 4-Tier Foldable Storage Rack with Wheels, Black",$97.99,$139.99,,
"Airthings 2930 Wave Plus Smart Indoor Air Quality Monitor with Radon Detection, Battery Operated",$199.99,$299.99,,
"PADERNO Dutch Oven, Durable Cast Iron, Oven Safe, Red, 6.5qt",$99.99,$349.99,,
"IAMS Large Breed Adult Dry Dog Food, 13.6-kg",$48.59,$53.99,,
"type A Radiant Metal Adjustable 10-Tier Shoe Rack, Holds up to 50 Pairs of Shoes, Black",$47.99,$59.99,,
"Dyna-Glo Electric Utility Garage Heater, 4800W, Black",$115.99,$145.99,,
"For Living Storage Ottoman/Bench With Built-In Tray Tables & Padded Seat, Espresso Brown",$119.99,$229.99,,
"For Living Upholstered Hinge-Top Storage Ottoman/Bench With Padded Seat, Espresso Brown",$149.99,$259.99,,
"Ziploc Large Plastic Freezer Bags Mega Pack, 760-mL, 60-pk",$13.49,$14.99,,
"Geeni Freebird Battery-Operated Smart Wi-Fi Indoor/Outdoor Security Camera, White",$103.99,$129.99,,
"Singer M3500 Sewing Machine with 32 Stitches and Auto Buttonhole, Accessories & Dust Cover Included",$199.99,$229.99,,
"Certified Standard Duty Black Poly Tarp, Waterproof, 10-ft x 12-ft",$13.49,$14.99,,
"type A Aluminum Shopping Cart, 17 x 5.5 x 40.25-in, 30-lb",$75.99,$94.99,,
"Platinum Charcoal Mat, 4 x 6-ft",$54.99,$64.99,,
"type A Perspective Metal Freestanding Coat Rack with 9 Hooks, Black",$53.99,$76.99,,
"type A Engrained Freestanding Family Coat Rack with 6 Hooks, White",$44.99,$64.99,,
"CANVAS Stoneware Bakeware Set, White, Assorted Sizes, 4-pc",$39.99,$94.99,,
"Wahl Elite Pro Haircutting Kit with Trimmer/Clipper, Guide Combs, Scissors & Cape, 22-pc",$54.99,$84.99,,
Airthings View Plus,$329.99,$379.99,,
"Crane EE-6909 Ultrasonic Cool Mist Top-Fill Air Humidifier, Aroma Diffuser & Night-Light, White, 4.5-L",$91.99,$114.99,,
"PADERNO Variable Temperature Electric Milk Frother, Non-Stick Interior, Black",$69.99,$79.99,,
"VTech DECT 6.0 Cordless Phones with Digital Answering System and Caller ID/Waiting, 4 Handsets, Silver/Black",$89.99,$119.99,,
"Nespresso Starbucks Blonde Espresso Roast Coffee Capsules, 53-g, 10-pk",$8.79,$9.79,,
"Smart Tiles Peel & Stick Self-Adhesive Kitchen & Bathroom Wall Tiles, Campagnola",$24.49,$34.99,,
"CLR Calcium, Lime and Rust Remover Cleaner, Septic Safe, 828-mL",$7.49,$8.99,,
"Duracell Coppertop Alkaline AAA Batteries, 20-pk",$22.89,$26.99,,
"GermGuardian GG1100W Portable Plug-In UVC Air Purifier/Sanitizer, Removes Odours & Germs, White, Small Room",$39.99,$49.99,,
"Olympia Pack 'n Roll Steel Hand Truck, 300-lb",$58.99,$69.99,,
"For Living Solid Wood 24"" Bar Stool Armless Backless, Natural Finish",$34.99,$59.99,,
"MASTER Chef Silicone Non-Stick Baking Sheet, Red, 15 x 11-in",$4.99,$13.99,,
"Vida by PADERNO Glass Clip Lid Food Storage Container Set Leakproof, 3-pc, 970-mL",$19.99,$34.99,,
"Ninja® Professional Blender w/ 2 Nutri Ninja® Cups, BPA-Free, Stainless Steel, 1100W",$139.99,$199.99,,
"type A Perspective 3-Tier Foldable Storage Rack with Wheels, Black",$79.99,$99.99,,
"PADERNO Countertop Microwave with Even-Heat Inverter Technology, 1.6 cu.ft, Black Stainless Steel",$279.99,$329.99,,
"IAMS Proactive Health Indoor Weight & Hairball Control Dry Cat Food, 7.2-kg",$35.99,$39.99,,
"3M™ WorkTunes NRR 24dB Bluetooth Hearing Protector, Black/Yellow",$71.99,$89.99,,
"Wilton Gourmet Choice Non-Stick Mega Baking Sheet, 15 x 21-in",$23.99,$39.99,,
"CANVAS Sutton 16pc Stoneware Dinnerware Set, Serves 4, Matte Grey",$79.99,$179.99,,
"Globe 1080p Indoor and Outdoor Smart Wi-Fi Security Camera With Motion Detection, White",$71.99,$89.99,,
"CANVAS Holden 4-Light Caged Shade Chandelier, Black Metal",$99.99,$139.99,,
"Energizer Max 12-pk AAA Alkaline Batteries, Long Lasting, All Purpose",$14.99,$19.99,,
"CANVAS Rowan Warm White Fabric Shade Floor Lamp, 66-in, Brushed Nickel",$99.99,$134.99,3.5,68
"For Living Reversible Foam Tiles for Kids, 4-pk, 24-in x 24-in",$14.99,$19.99,4.7,121
"MotoMaster 10,000-lb Ratchet Tie Down Strap, Abrasion Resistant, 2-in x 27 ft",$26.99,$33.99,4.3,23
CANVAS Kelowna Round Solid Wood Top Stacking Sofa End/Side Accent Table With Metal Base,$59.99,$89.99,4.3,12
Evenflo Woodland Wonder Lightweight Activity Jumper,$199.99,$229.99,3.4,82
"Certified Light Duty Poly Tarp, 15-ft x 20-ft",$19.99,$29.99,3.8,118
"FRANK Tall Organic Compostable Food Waste Bags, 10-pk, 49-L",$4.49,$5.99,4.5,95
"Geeni 1080p HD Smart Wi-Fi Home Security Camera, White",$51.99,$64.99,4.2,49
"Mr. Coffee Hot Coffee, Iced Coffee & Latte Maker with Integrated Frother & Tumbler, Black",$149.99,$179.99,4.8,140
"Vida by PADERNO Stainless Steel Knife Block Set, Ergonomic Grip, 14-pc",$99.99,$319.99,4.7,54
"Greenpan Cookware Set, 10-pc",$199.99,$15.99,0.0,0
"HOME COLLECTIONS Pine Shoe Rack, 26 x 63 x 29 cm",$12.79,$9.79,3.0,139
"Nespresso Starbucks Pike Place Roast Coffee Capsules, 53-g, 10-pk",$8.79,$119.99,4.5,31
"VTech VM5254 Fixed Adaptive Digital Video Baby Monitor with Night Light, 5-in",$99.99,$39.99,2.3,4
"MASTER Chef Ceramic Knife Set with Sheaths, 3-pc",$22.99,$99.99,4.1,61
"Swan Nordic Toaster w/ 6 Settings, Stainless Steel w/Rubber Finish, 2-Slices",$69.99,$19.99,3.0,67
"Garrison Smoke Alarm With Front Loading Battery Door, Batteries Included",$17.99,$23.99,4.4,81
"MASTER Chef BPA-Free Plastic Food Storage Container Set, 1-L, 6-pc",$11.99,$199.99,3.9,15
"type A Stainless Steel Rectangular Dual Compartment Garbage Can, 2 x 20-L",$149.99,$19.99,4.2,33
"Scotties House & Home Facial Tissue, 2-Ply, 100 Sheeets, 12-pk",$9.99,$119.99,3.7,163
"Hamilton Beach CHI Professional 1700W Steam Iron with Auto Shutoff, Red/Black",$69.99,$49.99,4.5,28
"National Contour Indoor/Outdoor Mat, Black, 36-in x 48-in",$39.99,$28.99,4.3,35
"Westclox Red LED Digital FM Clock Radio with 2 USB Charging Ports, 1.4-in",$19.99,$14.99,4.0,58
"Ziploc Medium Plastic Freezer Bags Mega Pack, 520-mL, 270-pk",$13.49,,4.9,23
"simplicité Regular 4-Flap Ties Outdoor Garbage Bags, 100-pk, Black, 74-L",$11.39,$18.99,3.8,245
Ninja Foodi Flip & Prep,$109.99,$159.99,4.7,97
"Purrfect Start Multi-Cat Clumping Cat Litter, Odour Control, 18-kg",$12.69,$14.99,3.8,162
"Honeywell HCE840BC HeatGenius™ Multizone Ceramic Space Heater, 1500W, Black",$103.99,$129.99,4.1,89
"Heritage The Rock One-Pot Dutch Oven, Dishwasher & Oven Safe, Blue, 5qt",$49.99,$169.99,4.6,212
"MASTER Chef Ceramic Round Pizza Stone & Serving Rack, 15-in",$19.99,$39.99,4.0,21
"PAWS UP! Beef Bully Stick Dog Chew Treats, 12-in, 227-g",$13.49,$14.99,3.7,113
"MASTER Chef Stainless Steel Santoku Knife Set with Wood Cutting Board, 4-pc",$24.99,$39.99,4.1,55
Deluxe 4-Way Birding Station with Baffle,$49.99,$99.99,4.5,58
Hamilton Beach 4-Slice Toaster with Sure-Toast™,$47.99,$79.99,4.1,38
"Keurig Krispy Kreme House Light Medium Roast K-Cup® Coffee Pods, 285-g, 30-pk",$14.99,$21.99,4.8,171
Hoover Steam Lightweight Hard Floor Mop,$99.99,$199.99,3.2,13
"Braun BrewSense Programmable Coffee Maker w/ Glass Carafe, Stainless Steel, 12 Cups",$119.99,$149.99,4.2,275
"Duracell Coppertop 20-pk AA Alkaline Batteries, Long Lasting, All Purpose",$19.49,$22.99,4.7,3751
"Platinum Charcoal Mat, 3-ft x 4-ft",$24.99,$29.99,4.4,18
"Purrfect Start Clumping Cat Litter, Unscented with Baking Soda, 18-kg",$12.69,$14.99,3.7,148
"type A Adjustable Drying Rack with Hanger Bar, 53.5 x 23.6 x 39-in, Silver",$64.99,$93.99,3.5,63
CANVAS Parksville Desk,$109.99,$164.99,3.8,12
"Shop-Vac® 5985005 3.5 Peak HP Poly Wet/Dry Shop Vacuum with Hose and Accessories, 22.7-L",$99.99,$29.99,3.5,6
"HOME COLLECTIONS Metal 4-Tier Shoe Rack, White, 26 x 12 x 27-in",$23.99,$119.99,2.7,178
"type A Wide Stainless Steel Step Trash/Garbage Bin, 30-L",$89.99,$109.99,4.8,17
"CANVAS Essence 3-Light Opal White Glass Shade Vanity Light Fixture, Brushed Nickel",$74.99,$24.99,4.2,33
"bubba Classic Insulated Mug, Keg Design with Handle, Colour May Vary, 34 oz (1 L)",$14.99,$14.99,4.4,67
"FRANK Giant Outdoor Garbage Bags, 30-pk, Clear, 184-L",$11.24,,4.7,107
"NOMA A19 E26 Base Household Dimmable LED Light Bulbs, 1600 Lumens, Daylight, 100W, 2-pk",$11.99,$15.99,4.1,116
type A Single Pull-Out Storage Bin,$67.49,$89.99,4.1,16
"Heritage The Rock Forged Aluminum Multi-Pan Frying Pan, Oven Safe, Black, 25.4cm",$19.99,$69.99,4.6,217
"FRANK Large Swift-Tie Recycling Bags, Blue Transparent, 30-pk, 90-L",$6.49,$8.99,4.7,116
"Heritage The Rock One-Pot Frying Pan, Oven Safe, Orange, 31.7cm",$49.99,$169.99,4.6,433
"CANVAS Avery White Fabric Shade Floor Lamp, 60-in, Oil Rubbed Bronze/Wood",$99.99,$134.99,3.5,34
"Purina Friskies® Chef's Blend Dry Cat Food, 7.5-kg",$21.59,$26.99,4.7,182
"NOMA LED Desk Lamp & Magnifier, 20-in, Black",$49.99,$69.99,4.1,60
"Odour Beater Ultra Premium Scoopable Clumping Cat Litter, Lemongrass Scent, 18-kg",$16.09,$18.99,4.1,56
"For Living Chrome & PU Tufted Leather Counter/Bar Stool Adjustable Height, White",$82.99,$204.99,3.7,75
"For Living Concord Indoor/Outdoor Precut Rug, 3-ft x 4-ft",$12.49,$14.99,4.3,82
"Hamilton Beach Cordless Electric Kettle w/ Auto Shut Off & Blue LED Light, Glass, 1L",$39.99,$49.99,4.0,174
"CANVAS Silas 5-Head Floor Lamp, 84-in, Polished Nickel",$149.99,$199.99,3.9,79
"MASTER Chef BPA-Free Food Container Container Set, 20-pc",$29.99,$59.99,3.7,14
Bissell Cordless Floor & Low Pile Carpet Sweeper,$19.99,$39.99,4.2,382
OttLite Thrive Desk Lamp,$49.99,$99.99,4.3,18
"Bar Keepers Friend Trigger Spray & Foam Cleaner, 25.4-oz",$5.00,$5.99,4.6,138
"PADERNO Laurier 20pc Stainless Steel Flatware Set, Serves 4",$49.99,$129.99,4.8,71
"type A Aluminum Zippered Folding Shopping Cart, 17.5 W x 4.3 D x 27-in H",$59.99,$74.99,3.8,42
"MASTER CHEF Elite Coffee Grinder/Spice Grinder, Stainless Steel, 12 Cups",$29.99,$39.99,3.9,158
Sterilite Weave Laundry Basket,$12.99,$16.99,4.6,44
"Wilton Gourmet Choice Non-Stick Round Pizza Crisper Pan, 14-in",$9.99,$16.99,4.6,105
"Blue Buffalo BLUE Large Breed Lamb & Brown Rice Adult Dry Dog Food, 10.1-kg",$54.99,$59.99,4.6,27
"type A Wood Engrained 2-Tier Shoe Rack, Holds up to 6 Pairs of Shoes",$34.99,$43.99,4.0,32
"Globe 1080p Indoor Smart Wi-Fi Security Camera With Motion Detection, White",$39.99,$49.99,3.1,12
"Petco Orthopedic Peaceful Nester Dog Bed, Washable, 40-in x 30-in, Grey",$125.99,$139.99,4.5,383
"MASTER Chef 18/10 Stainless Steel Saucepan, Dishwasher Safe, 1-qt",$16.99,$33.99,4.4,241
type A Align 4-Tier Vertical Folding Storage Rack with Wheels,$83.99,$119.99,3.2,11
"MASTER Chef Flat Top Electric Griddle w/ Warming Tray, Black, 10x20-in",$39.99,$74.99,4.2,82
For Living Portable Wood & Metal Folding TV Tray/Laptop/Side/End Table,$23.99,$31.99,4.5,84
First Alert Slim Design Photoelectric Battery-Operated Smoke and Carbon Monoxide (CO) Alarm,$49.99,$59.99,4.1,8
"MASTER Chef Countertop Heavy Duty Flex Grip Mats, Dishwasher Safe, Large, 4-pk, Assorted Colours",$17.99,$29.99,4.3,47
"Heritage The Rock Roaster w/ Removable Rack, Non-Stick, Dishwasher Safe, 43 x 30.5cm",$69.99,$239.99,4.4,120
"Vida by PADERNO Square Glass Pantry Storage Container Set with Airtight Bamboo Lid, 3-pc",$19.99,$34.99,4.5,4
"NOMA A19 E26 Base Non-Dimmable LED Light Bulbs, 800 Lumens, Soft White, 60W, 4-pk",$7.99,$13.49,3.3,99
"Geeni Sentry 1080p HD Smart Wi-Fi Floodlight Security Camera, White",$127.99,$159.99,3.4,41
"CANVAS Porcelain Gravy Boat with Saucer Stand, Dishwasher Safe, White",$9.99,$19.99,4.8,5
"Blue Buffalo BLUE Life Protection Formula™ Large Breed Beef & Brown Rice Recipe Adult Dry Dog Food, 22-lb",$54.99,$59.99,4.3,6
"T-fal Hard Titanium Frying Pan Non-Stick, Dishwasher & Oven Safe, Black",$22.99,$79.99,4.3,303
"VTech DECT 6.0 Cordless Phone System with Caller ID, 2 Handsets, Silver/Black",$44.99,$59.99,3.7,76
"Wahl Sure Cut Haircutting Kit with Trimmer/Clipper, Guide Combs, Scissors, 19-pc",$24.99,$34.99,4.2,49
"NOMA A19 E26 Base Household Non-Dimmable LED Light Bulbs, 5000K, 800 Lumens, Daylight, 60W, 4-pk",$7.99,$13.49,3.9,165
"Westclox Nature Sounds Red LED Digital FM Clock Radio with USB Charging Port, 1.4-in",$24.99,$29.99,3.6,251
"Whiskas TemPtations Tasty Chicken Flavour Value Size Classic Cat Treats, 454-g",$7.19,$7.99,4.8,119
FoodSaver BPA-Free Multi-Pack Vacuum-Seal Rolls,$49.99,$65.99,4.9,624
"CANVAS Hadley 6-Light Clear Glass Shade Chandelier, Oil Rubbed Bronze",$154.99,$209.99,4.3,25
"Wilton Gourmet Choice Non-Stick Muffin Tin, 12-Cup",$11.99,$18.99,4.6,146
"PureSnacks Freeze Dried Beef Liver Dog Treats, 410-g",$21.59,$23.99,4.8,64
"PADERNO Dutch Oven, Durable Cast Iron, Oven Safe, Teal, 5qt",$89.99,$299.99,4.8,43
"Murphy Oil Soap Original Concentrated Wood Floor Cleaner, 950-mL",$5.00,$5.99,4.6,96
"NOMA Indoor Single Tube Integrated LED T8 Light, 2100 Lumens, 4-ft, Daylight, 22W",$27.99,$55.99,4.1,60
"NOMA LED Minimalist Desk Lamp with Wireless Charging, 16.7-in, Black",$79.99,$99.99,3.5,4
OttLite Pivot LED Desk Lamp with Dual Shades,$49.99,$59.99,4.8,32
"Funplay Pop-Out Alphabet Play Floor Mat, 78-pc, 7 x 4-ft, Ages 2+",$29.99,$41.99,4.4,31
"T-fal Viva Stir Fry Wok, Non-Stick, Dishwasher & Oven Safe, Black, 28cm",$19.99,$79.99,4.4,129
"CANVAS Talbot Indoor/Outdoor Rug, 8-ft x 10-ft",$159.99,$199.99,4.5,11
"Ziploc Large Plastic Freezer Bags, 3.78-L, 14-pk",$4.94,$5.49,4.3,1071
Prevention by OttLite LED Desk Lamp with Wireless Charging,$59.99,$69.99,5.0,11
"PAWS UP! Beef Rawhide Rolls Dog Treats, 10-in, 5-Pk, 530-g",$15.29,$16.99,4.3,38
"Honeywell HUL530C Ultra Glow™ Ultrasonic Humidifier + Diffuser + Nightlight, 1/2-Gallon",$53.99,$67.99,4.6,82
PureSnacks Freeze Dried Chicken Breast Dog Treats,$21.59,$23.99,4.2,15
"Ziploc Snack Plastic Sandwich Bags Mega Pack, 670-mL, 270-pk",$13.49,$14.99,4.8,9
"IAMS Proactive Health Adult Dry Cat Food, 7.2-kg",$35.99,$39.99,4.7,491
"CANVAS Caleb 32pc Porcelain Dinnerware Set, Serves 8, White",$89.99,$199.99,3.9,33
"Mastercraft Portable Utility Fan Heater w/Thermostat, 1500W, Black",$44.99,$56.99,3.8,73
"NOMA LED Desk Lamp, 15-1/4-in, White/Silver",$29.99,$39.99,4.3,22
"Energizer Max 6-pk 9V / 9 Volt Alkaline Batteries, Long Lasting, All Purpose",$22.49,$24.99,4.9,557
"For Living Verona Basket Front 6-Drawer Storage Chest/Dresser, Espresso Finish",$239.99,$379.99,4.3,121
"NOMA LED Desk Lamp, 15.45-in, Black",$29.99,$39.99,4.6,22
"For Living Classic Desk Lamp, 14-in, Black",$17.99,$24.99,4.4,46
"FRANK Small Swift-Tie Recycling Bags, 48-pk, Green Transparent, 25-L",$6.39,$7.99,4.3,82
"Heritage The Rock Grill Pan, Dishwasher & Oven Safe, Black, 26.1 x 4cm",$19.99,$69.99,4.6,128
"Graco Tranzitions 3-in-1 Harness Booster Seat, Proof",$219.99,$259.99,4.3,550
"Lagostina Diamond Non-Stick Baking Sheet, 11 x 17-in",$19.99,$39.99,4.3,44
"NOMA LED Clip-On Desk Lamp, 15-1/14-in, Black/Silver",$29.99,$39.99,4.3,24
Bluehive USB Type-C to HDMI Adapter for Select Apple & Android Devices,$14.99,$19.99,3.8,26
"Duracell Coppertop 16-pk AA Alkaline Batteries, Long Lasting, All Purpose",$15.49,$20.99,4.7,3533
"Coast G26 330 Lumens Weatherproof Aluminum LED Handheld Flashlight, Batteries Included, Black",$26.99,$31.99,4.2,24
"Duracell Coppertop 16-pk AAA Alkaline Batteries, Long Lasting, All Purpose",$18.49,$24.99,4.6,3029
"Blue Buffalo BLUE Large Breed Chicken & Brown Rice PuPPy Dry Dog Food, 10.1-kg",$54.99,$59.99,4.5,113
"Gain + Aroma Boost Liquid Laundry Detergent, Original Scent, 107 LD, 4.55 L",$17.99,$19.99,4.5,28
"type A Over-the-Door Multipurpose Organic Waste Bin, 7-L",$18.74,$24.99,4.0,18
"Multy Home Utility Floor Mat, 10-pk, Black, 12-in x 12-in",$22.49,$29.99,3.2,10
"IAMS Proactive Health™ Large Breed Mature Adult Dry Dog Food, 13.6-kg",$48.59,$53.99,4.5,125
"Wilton Gourmet Choice Non-Stick Large Loaf Pan, 9.25 x 5.25 x 2.75-in",$11.99,$19.99,4.7,70
"Temptations Tub, 454-g",$7.19,$7.99,4.8,133
"MotoMaster 900-lb Cambuckle Tie Down Straps, Weatherproof, 1-in x 10-ft, 4-pk",$17.99,$25.99,4.2,109
"Honeywell HWM440BC Top-Fill Easy Care Warm Mist Air Humidifier with Essential Oil Cup & Auto Shut-Off, Black, 5.7-L",$69.99,$87.99,4.2,268
Chemical Guys ProBlow High-Flow Professional Dryer & Blower,$134.99,$149.99,3.9,55
"MASTER Chef High Speed Blender, BPA-Free, Black, 1500W",$129.99,$199.99,4.0,50
"Honeywell HCE100 HeatBud® Personal Portable Ceramic Space Heater, 250W, Assorted",$21.99,$27.99,3.7,174
"Bluehive 3-in-1 Universal Phone Mount, Secure Fit for Phones up to 4.3-in",$12.99,$19.99,3.1,151
"Trudeau Stemmed Wine Glasses, 4-pk",$29.99,$59.99,4.0,4
"MASTER Chef Dutch Oven 18/10 Stainless Steel, Dishwasher Safe, 5qt",$29.99,$59.99,4.5,61
"Globe Designer 3-Outlet Power Strip Surge Protector with 2 USB Outlets, Black, 6-ft",$19.99,$29.99,4.6,57
"Bright Air Pet Odour Eliminator, Cool Citrus Scent, 397-g",$5.00,$6.99,4.4,45
"Wilton Gourmet Choice Non-Stick Rectangular Cake Pan, 13 x 9 x 2-in",$9.99,$16.99,4.6,106
"Vida by PADERNO Glass Clip Lid Food Storage Container Leakproof, 485-mL, 3-pk",$14.99,$24.99,4.7,25
"NOMA Swing Arm Desk Lamp, 25-1/4-in, Brushed Nickel",$47.99,$64.99,2.7,19
"MASTER Chef Stainless Steel Stovetop Kettle, 2.5-L, Red",$29.99,$59.99,3.9,59
"Heritage The Rock Non-Stick T-Lock Cookware Set w/ Detachable Handles, Stainless Steel, 14-pc",$99.99,$649.99,3.5,25
"Purrfect Start Clumping Cat Litter, Scented, 18-kg",$12.69,$14.99,3.8,83
"Vida by PADERNO White Handle Set, 15-pc",$119.99,$349.99,4.0,13
Sterilite Weave Laundry Hamper,$19.99,$24.99,4.7,34
"Napoleon Wall Mount Electric Fireplace, 42-in, 1500W, Includes Remote Control, Black",$349.99,$449.99,4.0,25
"CANVAS Alma Media Fireplace, 72-in",$599.99,$999.99,4.2,11
"Cat Craft Anti-Slip Sherpa Calming Memory Foam Pet Bed, Washable, 20-in x 17-in, Beige",$17.99,$29.99,4.2,77
"Petco Cozy Cottage Nester Dog Bed, 32-in x 24-in, Grey",$53.99,$59.99,4.8,33
"Certified Standard Green & Tan Poly Tarp, Waterproof, 12-ft x 16-ft",$21.59,$26.99,3.8,81
"Grease Monkey Latex Disposable Gloves 15-mil, 50-pk, Assorted Sizes, 5553PF",$29.99,$39.99,4.5,62
"MASTER Chef Stainless Steel Stovetop Kettle, 2.3-L, Copper",$29.99,$59.99,4.6,22
"Sabatier Stainless Steel Forged Triple Rivet Knife Block Set, 15-pc",$119.99,$399.99,4.0,27
"CANVAS Modular Porcelain Serving Tray with Removable 3 Bowls, Dishwasher Safe, White",$9.99,$19.99,4.5,2
"Blue Buffalo BLUE Large Breed Chicken & Brown Rice Adult Dry Dog Food, 10.1-kg",$54.99,$59.99,4.8,131
"Coast FL80 615 Lumens Impact and Weather Resistant Twist Focus LED Headlight/Headlamp, Batteries Included",$44.99,$52.99,4.6,42
"type A Radiant Expandable 2-Tier Shoe Rack, Holds up to 12 Pairs of Shoes, Grey",$14.99,$18.99,3.3,34
"Rubbermaid Reveal Power Scrubber, Battery-Powered Cleaning Scrub Brush with Oscillating Head",$17.59,$21.99,4.4,128
"Mastercraft Floor Squeegee with Rubber Blade, 24-in",$32.79,$40.99,3.8,39
"Wahl 3115 Lithium Ion Extreme Grip Multigroomer Kit with Face & Body Hair Clipper/Trimmer, 19-pc",$41.99,$51.99,2.6,10
"Python 900-lb Ratchet Tie Down Straps, 1-in x 8-ft, 4-pk",$21.69,$30.99,4.1,30
MotoMaster 400 Lumen Rechargeable COB Worklight with Adjustable Stand,$24.99,$49.99,4.6,19
"type A Mini Stainless Steel Circular Step Garbage Can, 5-L",$20.24,$26.99,3.7,109
"TrustyPup Comfort Oasis 2-Tone Memory Foam Dog Bed, 32-in x 24-in, Dark Grey",$79.99,$89.99,3.7,25
"type A All-Purpose Microfibre Cloths, 8-pk",$11.89,$16.99,4.6,15
type A Upright Broom,$9.79,$13.99,4.8,10
"For Living Portable Padded Lap Desk, Fits Laptops Up To 16-in, Grey",$16.99,$24.99,4.5,48
"type A Laundry Hamper with Lid, 19.3 W x 12 D x 24-in H, Grey",$19.99,$24.99,4.8,21
"FRANK Extra-Large Swift-Tie Recycling Bags, 20-pk, Clear, 135-L",$6.99,$8.99,4.5,63
"CANVAS Beer Glasses, 480-mL, 4-pc",$9.99,$19.99,4.2,5
"MotoMaster 900-lb Ratchet Tie Down Straps, Non-Padded, 1-in x 10-ft, 4-pk",$18.89,$26.99,4.2,126
"Graco Made2Grow 6-in-1 Highchair, Ashland",$219.99,$279.99,4.6,81
"Westclox Blue LED Thin Digital Alarm Clock, 1.8-in Tall Display",$24.99,$39.99,3.4,105
"For Living Gooseneck Clip-On Desk Lamp, 10-1/4-in, White",$14.99,$19.99,4.1,39
"Heritage The Rock Aluminum One-Pot Stock Pot, Dishwasher & Oven Safe, Orange, 7.2qt",$49.99,$169.99,4.5,206
"MASTER Chef Stamped Set, 23-pc",$26.99,$59.99,4.8,6
"PADERNO Dutch Oven, Durable Cast Iron, Oven Safe, Red, 5qt",$89.99,$299.99,4.6,48
"KitchenAid Gourmet Hard Handle Stainless Steel Can Opener, Red",$12.99,$25.99,4.2,60
"For Living Andor Embossed Indoor/Outdoor Floor Mat, Grey, Assorted Sizes",$16.99,$19.99,4.2,92
"TrustyPup Dream Luxe 2-Tone Bolster Dog Bed, Washable, 25-in x 21-in, Dark Grey",$49.49,$54.99,3.9,41
"KitchenAid Gourmet Hard Handle Stainless Steel Can Opener, Black",$12.99,$25.99,4.0,65
"CANVAS Auden Porcelain Organic Dinnerware Set, Serves 4, 16-pc, Off-White",$49.99,$99.99,4.6,9
"Ziploc Grip'n Seal Plastic Sandwich Bags, 750-mL, 90-pk",$5.39,$5.99,4.6,54
"Ecofan AirMax Large-Sized Heat Powered Wood Stove Fan,Warm Air Circulation 175 CFM, Black",$189.99,$209.99,4.2,44
type A 2-Tier Vertical Laundry Sorter,$63.99,$79.99,4.3,36
"Geeni Sentinel 1080p Pan and Tilt Smart Wi-Fi Home Security Camera, Black",$67.99,$84.99,3.7,46
"Petco Dual Purpose Décor and Comfort Pet Pillow and Bed, Washable, 35-in x 44-in, Assorted Colours",$47.99,$79.99,3.7,138
"Energizer Max 8-pk AA Alkaline Batteries, Long Lasting, All Purpose",$10.79,$11.99,4.9,2113
"Ecofan Original Heat Powered Wood Stove Fan,Warm Air Circulation 100 CFM, Black",$94.99,$114.99,4.7,20
"type A Stackable Ease 16-Compartment Shoe Organizer, Holds up to 16 Pairs of Shoes, Grey",$47.99,$59.99,4.7,55
"FRANK Large Outdoor Unscented Garbage Bags, 100-pk, 42.5L",$14.44,$19.99,4.0,41
"Duracell Coppertop 12-pk AAA Alkaline Batteries, Long Lasting, All Purpose",$19.79,$21.99,4.6,2996
"NOMA PAR20 E26 Base Dimmable LED Flood Light Bulbs, 5000K, 520 Lumens, Daylight, 50W, 2-pk",$6.24,$12.49,3.0,36
"NOMA A19 E26 Base Household Dimmable LED Light Bulbs, 1600 Lumens, Warm White, 100W, 2-pk",$11.99,$15.99,3.9,54
"PADERNO Cordless Programmable Electric Kettle w/ Digital Display, Black Stainless Steel, 1.7L",$129.99,$154.99,3.9,58
MASTER Chef 8-in-1 Multi-Purpose Scissors with Sheath,$5.99,$14.99,3.6,151
"type A Microfibre Cloths, Assorted, 8-pk",$11.89,$16.99,4.9,10
OttLite Infuse LED Desk Lamp with Wireless Charging,$39.99,$49.99,4.3,4
"Hamilton Beach 1200W 2 in 1 Steam Iron and Clothes Steamer, Blue/Black",$39.99,$79.99,4.4,385
"Anchor Hocking Glass Sandwich Containers, 2-pc",$12.49,$24.99,3.7,46
"NOMA LED BR30 65W Equivalent Light Bulbs, Soft White, 4-pk",$13.19,$21.99,3.7,9
"Eco-Max Hypoallergenic Liquid Laundry Detergent, Unscented, 100-Load, 3-L",$10.99,$13.99,4.6,22
"VTech DECT 6.0 Corded/Cordless Phone with Digital Answering System and Caller ID/Waiting, Silver/Black",$69.99,$94.99,3.7,35
"PureSnacks Freeze Dried Chicken Breast Cat Treats, 29-g",$5.39,$5.99,4.8,25
Rubbermaid Microfibre Twist Mop with Built-in Wringer,$15.99,$19.99,3.7,32
"Coast G20 36 Lumens Weatherproof Inspection Handheld Flashlight, Batteries Included, Black",$15.29,$17.99,4.6,287
"Wilton Cookie Baking Set, 3-pc",$24.99,$49.99,2.0,1
Vida by PADERNO 4-in-1 Knife & Shear Sharpener,$12.99,$59.99,4.6,37
Reusable Cotton Yacht Mop for Small Spaces,$5.99,$7.49,2.9,41
"Glasslock Glass Food Storage Container Set with Airtight Seal, Assorted Sizes",$16.99,$24.99,4.6,64
"Green Works All Purpose Cleaner, 946-mL",$5.00,$5.99,4.6,41
"Mastercraft Wide Angle Broom with Wood Handle, 48-in",$13.59,$16.99,4.2,55
"type A Stainless Steel Circular Step Garbage Can, 20-L",$44.99,$59.99,3.0,118
"Gain + Odor Defense Liquid Laundry Detergent, Super Fresh Blast Scent, 107 LD, 4.55 L",$17.99,$19.99,4.8,13
"Totally Raw Dehydrated Beef Liver Dog and Cat Treats, 150-g",$8.99,$9.99,4.2,15
"MASTER Chef Utensil Set, 9-pc",$12.49,$24.99,3.7,19
"Globe Electric A19 Smart Dimmable LED Light Bulb, 800 Lumens, Colour/Tunable White, 60W",$13.99,$25.99,3.3,165
"type A Stainless Steel Circular Step Garbage Can, 12-L",$37.49,$49.99,3.2,102
"MASTER Chef Egg Poacher w/ Glass Lid, PFOA Free, 4-Cups",$24.99,$84.99,4.4,58
"MASTER Chef Round Pizza Pan, 13-in",$7.99,$15.99,4.2,24
"IAMS Proactive Health™ Large Breed PuPPy Dry Dog Food, 13.9-kg",$48.59,$53.99,4.5,266
"Hunter Low Profile Reversible 5-Blade 3-Speed Ceiling Fan with Lighting, 42-in, Maple/Cherry",$149.99,$209.99,3.6,65
"Pedigree Dentastix Fresh Oral Care Dog Treats for Medium Sized Breeds, 608-g, 25-Pk",$9.89,$10.99,4.7,291
"NOMA G25 E26 Base Globe Non-Dimmable LED Light Bulbs, 350 Lumens, Warm White, 40W, 3-pk",$11.99,$19.99,4.2,39
"Wahl 5539 Lithium Battery Extreme Grip Cordless Ear, Nose & Eyebrow Trimmer with Guide Comb, 5-pc",$14.99,$19.99,3.4,12
"Sky Time Projection Digital AM/FM Clock Radio, Black",$24.99,$39.99,3.2,62
"PAWS UP! Pig Ear Dog Chew Treats, 12-Pk, 500-g",$14.84,$16.49,4.3,43
Stanley 5 Watt Waterproof Spotlight,$55.99,$79.99,4.1,50
"Purina ONE True Instinct Bites with Chicken Dog Treats, 567-g",$13.19,$16.49,4.5,10
"Gain + Aroma Boost Liquid Laundry Detergent, Moonlight Breeze Scent, 107 LD, 4.55 L",$17.99,$19.99,4.9,12
"Pedigree Dentastix Beef Flavour Oral Care Dog Treats for Medium Sized Breeds, 441-g, 18-Pk",$9.89,$10.99,4.8,71
OttLite Folding LED Desk Lamp with Wireless Charging,$44.99,$62.99,4.4,7
Crosley Wood Tilt Alarm Clock,$14.99,$29.99,3.2,16
"Ziploc Large Plastic Storage Bags, 3.78-L, 38-pk",$8.54,$9.49,4.1,448
"MASTER Chef Kitchen Tool Set, 30-pc",$24.99,$59.99,4.5,4
"WholeHearted Grain-Free Surf & Turf Wet Cat Food Variety Pack, 12-pk",$17.99,$19.99,3.6,19
"For Living Classic Desk Lamp, 14-in, White",$19.99,$29.99,3.8,28
"CANVAS Ellice 20pc Stainless Steel Flatware Set, Serves 4",$39.99,$79.99,4.5,48
"Vida by PADERNO Glass Food Storage Set, 4-Cup, 6-pc",$9.99,$19.99,3.1,32
"IAMS™ Advanced Health™ Healthy Digestion Chicken and Whole Grain Recipe Dry Dog Food, 12.2-kg",$48.59,$53.99,4.6,148
"Petco Crinkle Rubber Stick Dog Toy, Assorted Colours",$11.69,$12.99,3.1,93
"Duracell Coppertop 8-pk AA Alkaline Batteries, Long Lasting, All Purpose",$12.59,$13.99,4.7,3738
"Pedigree Dentastix Oral Care Dog Treats for Small Sized Breeds, 553-g, 35-Pk",$9.89,$10.99,4.6,3777
"Darford ZERO/G All Natural Oven Baked Roasted Lamb Dog Treats, 340-g",$8.99,$9.99,4.8,14
Scosche BTFreq™ Wireless Handsfree Car Kit with FM Transmitter,$29.99,$39.99,2.8,29
"Purina DentaLife Chews Oral Care Dog Treats for Medium Sized Breeds, 45-Pk 1.12-kg",$13.59,$16.99,4.1,9617
"WholeHearted Grain-Free Tender Tidbits Chicken Recipe Dog Training Treats, 453-g",$12.59,$13.99,5.0,3
"Fiskars Pro Folding Blade Utility Knife, Black/Orange",$14.39,$17.99,4.8,65
"Summit Plink Fizzy Drain Freshener & Cleaner Tabs, Lemon Scent, 6-pk",$5.00,$5.99,3.8,21
"Glad Flex’n Seal™ Plastic Sandwich Zipper Bags, 950-mL, 100-pk",$5.00,$5.49,4.6,24
"Pedigree Dentastix Beef Flavour Oral Care Dog Treats for Small Sized Breeds, 553-g, 35-Pk",$9.89,$10.99,4.6,118
"MASTER Chef Stainless Steel Locking Tong Set, 2-pc",$12.49,$24.99,3.0,56
"Blue Buffalo BLUE Life Protection Formula™ Beef & Brown Rice Recipe Adult Dry Dog Food, 22-lb",$54.99,$59.99,4.8,1139
"Hamilton Beach Carve 'n Set™ Electric Knife Set, Black",$29.99,$49.99,3.3,33
Murphy Oil Wood Multi-Purpose Cleaner Spray Original Strength 650-mL,$5.00,$5.99,4.4,213
"Police Security 400 Lumens Breakout Headlight/Headlamp with 4 Light Modes, Batteries Included",$19.99,$33.99,3.8,33
"Sky Time Dual Alarm Digital AM/FM Clock Radio, Black",$18.99,$25.99,2.9,105
"Ziploc Large Slider Plastic Freezer Bag, 950-mL, 24-pk",$8.54,$9.49,5.0,9
"Chewmasters Beef Tender StriPs Dog Treats, 454-g",$19.79,$21.99,4.9,26
type A Whisk & Dustpan Set,$8.39,$11.99,3.9,14
"Pedigree Marrobone Beef Flavour Biscuit Dog Treats, 737-g",$4.94,$5.49,4.5,111
"MASTER Chef Plastic Mixing Bowl Set with Lids, Assorted Sizes, 3-pk",$9.99,$19.99,4.0,37
"AXE Phoenix Deodorant Body Spray for Long Lasting Odour Protection, 113-g",$4.99,$6.79,4.4,216
type A Align 3-Tier Vertical Folding Storage Rack with Wheels,$59.99,$89.99,4.0,3
"Nespresso Starbucks Espresso Roast Decaffeinated Coffee Capsules, 57-g, 10-pk",$8.79,$9.79,4.2,18
"CANVAS Talbot Indoor/Outdoor Rug, 2-ft x 5-ft",$27.99,$34.99,4.6,12
"Fiskars Pro Snap-Off Blade Utility Knife, 18-mm, Black/Orange",$11.99,$14.99,4.5,61
"Beyond Grain Free Limited Ingredient Chicken & Egg Recipe Dry Dog Food, 4.5-kg",$27.19,$33.99,4.7,193
"Trudeau Oval Glass Turkey Platter Tray, 18-in, White",$9.99,$19.99,4.7,26
"Purina Beyond® Grain-Free Wild-Caught Whitefish Dry Cat Food, 2.26-kg",$27.19,$33.99,4.8,507
"Bluehive 10W Wireless Charging Dash & Vent Phone Mount Compatible with Qi-Enabled Devices, with 360° Swivel Mount",$24.99,$49.99,3.2,52
"Wilton Gourmet Choice Non-Stick Round Cake Pan, 9 x 1.5-in",$9.99,$16.99,4.7,105
"Petco Triple Knot Rope Tug Dog Toy, Large, Beige",$13.49,$14.99,4.4,68
"WholeHearted ComPlete Nutrition Chicken & Brown Rice All Life Stages Dry Dog Food, 13.6-kg",$51.29,$56.99,4.7,495
"Funplay Funtown Play Road Floor Mat, 3-pk, 36 x 36-in, Ages 2+",$24.99,$33.99,3.7,11
"Coast G55 650 Lumens Water Resistance Aluminum Twist Focus Handheld Flashlight, Batteries Included, Black",$44.99,$52.99,4.7,15
"bubba Classic Insulated Mug, Keg Design with Handle, Colour May Vary, 20 oz (591 ml)",$11.99,$19.99,4.2,57
"For Living Concord Indoor/Outdoor Precut Rugs, Assorted Colours, 2-ft x 5-ft",$9.99,$12.99,4.2,38
"CANVAS Slate Round Metal Sofa Side Table With Removable Tray, Black",$39.99,$69.99,3.4,30
"Ziploc Small Twist n' Lock Plastic Food Storage Container, 473-mL, 3-pk",$8.09,$8.99,4.0,95
"Trudeau Stemless Wine Glasses, 4-pk",$19.99,$39.99,3.0,2
"CANVAS Carbon Nesting Side Tables With Storage Tray (2-Piece Set), Black",$75.99,$109.99,3.3,24
"Ziploc Medium Freezer Plastic Bags, 950-mL, 38-pk",$8.54,$9.49,3.9,582
"Petco Unstuffed Squeak Plush Rabbit Dog Toy, Large",$11.69,$12.99,4.3,122
"NOMA Swing Arm Adjustable Desk Lamp, 31.5-in, Black",$24.99,$34.99,3.5,73
"Eco-Max Liquid Laundry Detergent, Lavender Scent, 100-Load, 3-L",$10.99,$13.99,4.8,29
"Pedigree Dentastix Oral Care Dog Treats for Medium Sized Breeds, 608-g, 25-pk",$9.89,$10.99,4.6,2062
"Bluehive Bamboo Wireless Charging Pad, Compatible with all Qi-Enabled Devices",$11.99,$39.99,3.2,122
"Dove Men + Care Clean Comfort Antiperspirant Stick with 48-hr Protection, 76-g",$5.99,$7.99,4.6,443
"Dentalife Daily Oral Care Dog Treats, S/M, 808-g",$13.59,$16.99,4.2,3893
"Lagostina Diamond Non-Stick Loaf Pan, 9-in",$16.99,$34.99,4.8,36
"Ultimate Naturally Shed Antler Dog Chew Treat , X-Large SPlit, 170-g",$20.69,$22.99,4.5,21
"Pedigree Dentastix Oral Care Dog Treats for Mini Breeds, 396-g, 58-Pk",$9.89,$10.99,4.6,52
"Lagostina Diamond Non-Stick Muffin Tin, 12-Cup",$19.99,$39.99,4.8,26
"Purina ONE True Instinct Bites with Venison Dog Treats, 567-g",$13.19,$16.49,4.7,158
Lagostina Diamond Non-Stick Round Pizza Pan,$19.99,$39.99,4.7,38
"Purina Beyond® SimPly Natural Chicken & Oat Meal Dry Cat Food, 2.72-kg",$27.19,$33.99,4.7,1018
Lagostina Diamond Non-Stick Rectangular Cake Pan,$19.99,$39.99,4.6,14
"Keurig Timothy's Breakfast Blend Light Roast K-Cup® Coffee Pods, 267-g, 30-pk",$14.99,$19.99,4.6,117
"Keurig Donut House Light Roast K-Cup® Coffee Pods, 345-g, 30-pk",$14.99,$21.99,4.4,77
"MASTER Chef Stainless Steel Stovetop Kettle, 2.5-L",$29.99,$59.99,3.8,31
Lagostina Diamond Non-Stick Square Cake Pan,$16.99,$34.99,4.8,9
PADERNO Fast Response Digital Cooking Thermometer,$19.99,$34.99,3.8,38
"Purina DentaLife Oral Care Dog Treats for Large Breed Dogs, 28-Pk, 920-g",$13.59,$16.99,4.6,102
"type A Flexible Laundry Hamper, 18.7 x 13.6 x 22.2-in",$24.99,$31.99,3.5,38
"Darford ZERO/G All Natural Oven Baked Roasted Duck Dog Treats, 340-g",$8.99,$9.99,4.3,14
"Skittles & Starburst Fun Size Candy Variety Pack, 70-pk",$14.49,$15.49,5.0,5
OttLite Clip-On LED Easel Lamp,$34.99,$39.99,4.6,13
"NOMA PAR20 E26 Base Dimmable LED Flood Light Bulbs, 3000K, 520 Lumens, Warm White, 50W, 2-pk",$6.24,$12.49,3.2,51
"Smart Tiles Peel & Stick Self-Adhesive Kitchen & Bathroom Wall Tiles, Muretto Alaska",$24.49,$34.99,4.9,289
"Dove Men + Care Power + Renew Body Wash After Sport Care, 400-mL",$5.99,$7.99,4.6,361
OttLite ClearSun LED Light Therapy Lamp,$49.99,$59.99,4.8,5
"Keurig Timothy's Rainforest Espresso Extra Dark Roast K-Cup® Coffee Pods, 318-g, 30-pk",$14.99,$19.99,4.6,84
"PureSnacks Freeze Dried Wild Salmon Cat Treats, 23-g",$5.39,$5.99,4.8,17
"Petco Rubber Light Up Ball Dog Toy, 2-in, Assorted Colours",$12.59,$13.99,4.3,112
"MASTER Chef Magnetic Bag Clips, 15-pk",$7.49,$14.99,2.9,69
"Purina Beyond SuPerfood Natural Salmon, Egg & PumPkin All Ages Dry Dog Food, 5-kg",$27.19,$33.99,4.8,327
"bubba Hero Stainless Steel Mug with Handle, Insulated, Rubberized Licorice, 18 oz (532 ml)",$19.99,$34.99,3.9,85
"NOMA B10 E12 Base Non-Dimmable LED Light Bulbs, 3000K, 300 Lumens, Warm White, 40W, 4-pk",$13.79,$22.99,4.2,27
"MotoMaster 900-lb Ratchet/Cambuckle Tie Down Straps, Non-Padded, 1-in x 10-ft, 4-pk",$18.89,$26.99,4.1,43
"PAWS UP! All Natural Beef Bone Dog Treat, 2-kg",$13.49,$14.99,3.8,63
"Purina Prime Bones Dog Chews with Pasture-Fed Bison Dog Treats, Rawhide Free, 6-Pk, 641-g",$13.59,$16.99,4.7,136
"Energizer Max 16-pk AA Alkaline Batteries, Long Lasting, All Purpose",$13.99,$18.99,4.9,2103
"Dove Men+Care Extra Fresh Deodorant Stick, Aluminum Free, 85-g",$5.99,$7.99,4.6,471
"Energizer Max 10-pk AAA Alkaline Batteries, Long Lasting, All Purpose",$13.99,$18.99,4.9,1593
"West & Arrow Desk Lamp Wireless Charger, Round, White/Gold",$39.99,$69.99,0.0,0
"WholeHearted Freeze-Dried Beef Dog Treats, 255-g",$20.69,$22.99,4.4,585
"Bluehive USB-A to Lightning iPhone Connector, White, 3-pk",$24.99,$34.99,4.4,11
"WholeHearted Freeze-Dried Salmon Dog Treats, 227-g",$26.99,$29.99,4.5,2
"Darford ZERO/G All Natural Oven Baked Roasted Salmon Dog Treats, 340-g",$8.99,$9.99,4.8,5
"Petco Unstuffed Squeak Plush Skinny Mallard Dog Toy, Large",$11.69,$12.99,3.6,22
"Totally Raw Dehydrated Wild Atlantic CaPelin Dog and Cat Treats, 100-g",$8.99,$9.99,4.3,18
"WholeHearted Grain-Free Tender Tidbits Peanut Butter Recipe Dog Training Treats, 453-g",$12.59,$13.99,4.9,8
"Petco Unstuffed Squeak Plush Rabbit Dog Toy, Small",$10.79,$11.99,4.4,131
"Police Security 300 Lumens Waterproof Aluminum Tornado Handheld Flashlight, Batteries Included, Black",$33.49,$41.99,4.0,22
"WholeHearted Grain Free Soft & Chewy Chicken Stick Dog Treats, 453-g",$12.59,$13.99,4.8,219
Petco Squeak Plush Super Sloth Long Limbs Dog Toy,$18.89,$20.99,3.9,23
"Bluehive 10W Fabric Wireless Charging Stand, Compatible with Most Qi-Enabled Devices",$14.99,$49.99,3.9,44
"AXE Apollo Deodorant Body Spray for Long Lasting Odour Protection, 113-g",$4.99,$6.79,4.5,213
"Coast PS400 375 Lumens Durable Stainless Steel LED Handheld Flashlight, Batteries Included, Black",$35.99,$42.99,4.3,30
"West & Arrow Desk Lamp Wireless Charger, Flexible Neck, White",$39.99,$49.99,2.5,2
"Petco Jumbo Tennis Ball Dog Toy, Assorted Colours",$7.19,$7.99,3.1,138
"Ninja Premium Stainless Steel Forged Knife Block Set with Sharpener, 12-pc",$249.99,$399.99,4.8,91
"PADERNO 18/10 Stainless Steel Multi-Roaster w/ Removable Rack, 50.3 x 18cm",$99.99,$349.99,4.2,102
"Fiskars Pro Snap-Off Blade Utility Knife, 25-mm, Black/Orange",$14.39,$17.99,4.7,62
"NOMA Mercer LED Desk Lamp with Wireless Charging, 17.8-in, White",$69.99,$89.99,5.0,1
"Duracell Coppertop 12-pk AA Alkaline Batteries, Long Lasting, All Purpose",$17.09,$18.99,4.7,3719
"Tide Ultra Oxi Liquid Laundry Detergent, 59 loads, 2.72 L",$16.19,$17.99,3.0,3
"Tide Liquid Laundry Detergent with a Touch of Downy, April Fresh, 59 loads, 92 fl oz",$16.19,$17.99,3.3,7
"KeurigTimothy's Colombian La Vereda Medium Roast K-Cup® Coffee Pods, 270-g, 30-pk",$14.99,$19.99,4.5,73
"PADERNO Canadian Signature Stainless Steel Frying Pan, Non-Stick, Oven Safe, 24cm",$69.99,$239.99,4.6,126
"Bluehive Type-C Charger & Sync Cable, for Select Apple & Android Devices, White, 3-pk",$14.99,$24.99,4.1,22
"West & Arrow 3-in-1 Charging Station with LED Light, Grey",$89.99,$139.99,3.5,4
"West & Arrow 3-in-1 Charging Station with LED Light, Grey",$89.99,$139.99,3.5,4
"Mastercraft Mega Hand Truck, 1000-lb",$129.99,$199.99,3.3,120
"PADERNO Dutch Oven, Durable Cast Iron, Oven Safe, Teal, 6.5qt",$99.99,$349.99,4.7,75
"Greenpan Aluminum Non-Stick Open Frypan, 30-cm",$39.99,$34.99,5.0,1
"Lagostina Diamond Non-Stick Baking Sheet, 10 x 15-in",$16.99,$7.99,4.0,41
"Dove Men + Care Extra Fresh Antiperspirant Stick with 48-hr Protection, 76-g",$5.99,$349.99,4.5,322
"PADERNO Canadian Signature Stainless Steel Frying Pan Non-Stick, Oven Safe, 32cm",$99.99,$69.99,4.6,172
"West & Arrow Desk Lamp Wireless Charger, Square, White/Gold",$39.99,"$1,999.99",2.3,3
"Forgeron Cast Iron Wood Stove, EPA Certified, 95,000 BTU","$1,849.99",$23.99,0.0,0
"Mastercraft Reusable Yacht Mop, Large",$19.19,$899.99,3.5,17
"CANVAS Waldon Media Fireplace, 60-in",$499.99,$999.99,3.8,5
"PADERNO Hard Anodized Cookware Set, Non-Stick, PFOA-Free, Dishwasher & Oven Safe, 12-pc",$299.99,$154.99,4.3,67
"NutriBullet® 3-Speed Blender, BPA-Free, Grey, 1200W",$129.99,$599.99,4.3,108
For Living Media Fireplace,$349.99,$319.99,3.9,11
"FOR LIVING Adjustable Bar Stool with Curved Backrest, Black",$159.99,"$1,699.99",4.7,3
"Greenpan Aluminum Non-Stick Open Frypan, 26-cm",$34.99,$649.99,3.7,3
Pleasant Hearth Large Wood Stove,"$1,499.99",$179.99,0.0,0
"CANVAS Woodhaven Media Fireplace, 46-in",$449.99,$119.99,4.0,1
OttLite Sanitizing Pro Desk Lamp,$99.99,$69.99,4.8,13
"Greenpan Aluminum Non-Stick Open Frypan with Enlarged Base, 20-cm x 30-mm",$29.99,$139.99,4.0,2
"NOMA 3-Speed Top-Fill Ultrasonic Cool Mist Air Humidifier, White, 3.5-L",$95.99,$149.99,3.5,118
"NOMA Oscillating Portable Ceramic Space Heater & Ultrasonic Humidifier, 800W, White",$55.99,,3.5,21
"PADERNO Maple Hardwood Cutting Board, Grip Handles, 16-in x 20-in",$79.99,,4.1,36
"Ecofan Ultra Air Mid-Sized Heat Powered Wood Stove Fan,Warm Air Circulation 125 CFM, Black",$129.99,,4.5,35
"PADERNO Variable Speed Corded Hand Blender w/ Vortex Blade, Black Stainless Steel",$129.99,$179.99,4.5,27
"Heritage The Rock Original Grill Pan, Dishwasher & Oven Safe, Black, 27 x 27 x 4.5 cm",$44.99,$159.99,4.6,126
"Smart Tiles Peel & Stick Self-Adhesive Kitchen & Bathroom Wall Tiles, Hexago White",$24.49,$34.99,4.9,493
"Wahl 3274 Lithium Ion Clip & Shave Cord/Cordless Electric Clipper & Foil Shaver Kit, 25-pc",$59.99,$89.99,4.1,8
"NOMA Indoor Single Tube LED Light Bar, with Clear Lens, 3000 Lumens, 4-ft, Daylight, 28W",$19.99,$61.99,4.3,41
"Smart Tiles Peel & Stick Self-Adhesive Kitchen & Bathroom Wall Tiles, Milano Massa",$24.49,$34.99,4.7,211
"Energizer Ultimate Lithium 4-pk AA Batteries, Long Lasting, All Purpose",$17.99,$19.99,4.8,1240
"NOMA 3-Speed Top-Fill Evaporative Air Humidifier, White, 4-L",$159.99,$229.99,3.8,63
"For Living Faux Wood Floor Mat, 4-pk, 2 x 2-ft",$29.99,$44.99,3.0,3
"CANVAS Isabella 4-Light Crystal Design LED Vanity Light Fixture, Chrome",$104.99,$154.99,4.2,31
Hamilton Beach Professional Immersion Blender,$79.99,$149.99,4.6,17
"For Living Chrome & PU Leather Counter/Bar Stool Adjustable Height, White",$89.99,$149.99,3.6,31
NOMA iQ True HEPA Smart Wi-Fi Large Air Purifier,$249.99,$409.99,4.2,20
"VTech DECT 6.0 Cordless Phone System with Caller ID, 3 Handsets, Silver/Black",$64.99,$89.99,4.0,53
"Ecofan UltrAir Wood Stove Fan, Black/Satin Nickel",$129.99,$149.99,4.4,27
"CANVAS Morrison 60pc Stainless Steel Flatware Set, Serves 12",$99.99,$249.99,4.5,40
"Smart Tiles Peel & Stick Self-Adhesive Kitchen & Bathroom Wall Tiles, Metro Grigio",$24.49,$34.99,4.8,472
"Globe LED Gooseneck Desk Lamp, 14-in, Assorted Colours",$47.99,$64.99,4.4,38
"Purina Prime Bones Dog Chews with Wild Venison Dog Treats, Rawhide Free, 9-Pk, 641-g",$13.59,$16.99,4.3,6662
"NOMA Indoor Single Tube LED Light Bar with Motion Sensor, 5000 Lumens, 4-ft, Daylight, 50W",$82.49,$164.99,3.7,9
"PADERNO Richmond Satin Stainless Steel Flatware Set, Serves 4, 20-pc",$49.99,$129.99,4.4,39
OttLite Task Flashlight & Clip Lamp,$29.99,$39.99,3.7,3
"Smart Tiles Peel & Stick Self-Adhesive Kitchen & Bathroom Wall Tiles, Bellagio Nola",$24.49,$34.99,4.9,637
"Honeywell HWM445WC Top-Fill Warm Mist Air Humidifier with Humidistat, Essential Oil Cup & Auto-Off, White, 6.44-L",$87.99,$109.99,3.9,195
